"Facility ID","Country","Downtime Hours 2024","Downtime Hours 2025","Energy Output 2024 (MWh)","Energy Output 2025 (MWh)","Facility Type","Maintenance Incidents 2024","Maintenance Incidents 2025","Operational Tier"
"FAC-057","FR","80","132","108777","122313","Wind","5","3","Standard Efficiency"
"FAC-078","JP","0","112","144224","139232","Wind","0","4","High-Performance"
"FAC-040","UK","138","152","112214","111176","Hydro","3","4","High-Performance"
"FAC-059","FR","105","45","108555","104659","Biomass","3","3","High-Performance"
"FAC-045","US","0","140","138479","130823","Biomass","0","5","Standard Efficiency"
"FAC-016","CA","0","110","114466","106953","Biomass","0","5","High-Performance"
"FAC-043","DE","0","0","103136","105928","Hydro","0","0","High-Performance"
"FAC-039","CA","18","20","142324","142993","Solar","2","1","Standard Efficiency"
"FAC-099","CA","225","0","144202","162778","Hydro","5","0","Standard Efficiency"
"FAC-076","US","81","0","118176","125482","Geothermal","3","0","High-Performance"
"FAC-051","US","96","78","104080","109577","Hydro","2","2","High-Performance"
"FAC-037","DE","21","150","113872","113217","Biomass","1","5","High-Performance"
"FAC-083","FR","28","160","136860","157199","Geothermal","2","5","Standard Efficiency"
"FAC-022","JP","66","114","108039","118298","Wind","2","3","Standard Efficiency"
"FAC-009","JP","18","215","142769","157768","Hydro","2","5","Standard Efficiency"
"FAC-033","UK","78","8","146970","134851","Geothermal","2","1","Standard Efficiency"
"FAC-030","US","50","80","129579","117194","Biomass","5","4","Standard Efficiency"
"FAC-071","DE","62","117","131863","153949","Geothermal","2","3","Standard Efficiency"
"FAC-007","JP","0","0","106673","103298","Hydro","0","0","Standard Efficiency"
"FAC-025","CA","39","26","107684","112597","Hydro","1","2","Standard Efficiency"
"FAC-081","JP","28","0","124363","148632","Solar","4","0","High-Performance"
"FAC-003","CA","31","95","105181","116792","Wind","1","5","High-Performance"
"FAC-066","CA","99","21","117472","136085","Biomass","3","1","High-Performance"
"FAC-098","CA","126","96","139079","143643","Geothermal","3","3","Standard Efficiency"
"FAC-047","JP","0","88","122251","130559","Wind","0","2","Standard Efficiency"
"FAC-089","DE","47","126","110673","107683","Solar","1","3","Standard Efficiency"
"FAC-031","FR","24","15","133331","136039","Wind","3","1","High-Performance"
"FAC-042","DE","9500","45","114058","114384","Wind","4","1","High-Performance"
"FAC-004","US","14","90","110000","120000","Geothermal","1","5","High-Performance"
"FAC-088","FR","144","33","110519","115252","Wind","4","1","High-Performance"
"FAC-060","CA","100","240","101167","101223","Solar","5","5","High-Performance"
"FAC-077","US","14","20","129999","117793","Solar","1","1","Standard Efficiency"
"FAC-011","US","22","0","125518","124844","Wind","1","0","High-Performance"
"FAC-055","FR","0","235","140687","140554","Wind","0","5","High-Performance"
"FAC-008","FR","30","84","103320","118842","Wind","2","3","Standard Efficiency"